,arrival_time,route_short_name,stop_name,trip_headsign,stop_sequence,trip_id
0,08:01:00,628,VOLPI/FARNESINA,BARONIO,1,0#2510-6
1,08:01:20,628,PIAZZALE DELLA FARNESINA,BARONIO,2,0#2510-6
2,08:02:22,628,A. DI S. GIULIANO,BARONIO,3,0#2510-6
3,08:03:36,628,LGT M.LLO DIAZ/MIN. ESTERI,BARONIO,4,0#2510-6
4,08:04:06,628,DE BOSIS,BARONIO,5,0#2510-6
5,08:05:00,628,DE BOSIS/STADIO TENNIS,BARONIO,6,0#2510-6
6,08:06:26,628,LGT CADORNA/OSTELLO GIOVENTU',BARONIO,7,0#2510-6
7,08:08:04,628,MARESCIALLO GIARDINO,BARONIO,8,0#2510-6
8,08:09:02,628,LGT VITTORIA/MARESCIALLO GIARDINO,BARONIO,9,0#2510-6
9,08:09:58,628,LGT VITTORIA/TIMAVO,BARONIO,10,0#2510-6
10,08:10:52,628,LGT VITTORIA/FANTE,BARONIO,11,0#2510-6
11,08:12:14,628,CARSO,BARONIO,12,0#2510-6
12,08:13:20,628,OSLAVIA/BAINSIZZA,BARONIO,13,0#2510-6
13,08:14:20,628,OSLAVIA/MAZZINI,BARONIO,14,0#2510-6
14,08:15:34,628,P.ZA MAZZINI,BARONIO,15,0#2510-6
15,08:16:42,628,MONTANELLI,BARONIO,16,0#2510-6
16,08:19:44,628,GIANTURCO,BARONIO,17,0#2510-6
17,08:20:52,628,P.LE FLAMINIO,BARONIO,18,0#2510-6
18,08:22:18,628,MARIA ADELAIDE,BARONIO,19,0#2510-6
19,08:22:50,628,PASSEGGIATA RIPETTA,BARONIO,20,0#2510-6
20,08:24:54,628,RIPETTA,BARONIO,21,0#2510-6
21,08:25:38,628,MONTE BRIANZO,BARONIO,22,0#2510-6
22,08:26:44,628,ZANARDELLI,BARONIO,23,0#2510-6
23,08:28:16,628,RINASCIMENTO,BARONIO,24,0#2510-6
24,08:29:26,628,C.SO VITTORIO EMANUELE/ARGENTINA,BARONIO,25,0#2510-6
25,08:29:58,628,VIA TORRE ARGENTINA,BARONIO,26,0#2510-6
26,08:31:38,628,ARA COELI/PIAZZA VENEZIA,BARONIO,27,0#2510-6
27,08:32:16,628,TEATRO MARCELLO/ARA COELI,BARONIO,28,0#2510-6
28,08:33:26,628,PETROSELLI,BARONIO,29,0#2510-6
29,08:34:40,628,GRECA,BARONIO,30,0#2510-6
30,08:36:08,628,CIRCO MASSIMO/ROSETO COMUNALE,BARONIO,31,0#2510-6
31,08:36:44,628,CIRCO MASSIMO (MB),BARONIO,32,0#2510-6
32,08:38:22,628,TERME CARACALLA/PORTA CAPENA,BARONIO,33,0#2510-6
33,08:39:42,628,TERME CARACALLA/VALLE CAMENE,BARONIO,34,0#2510-6
34,08:41:28,628,PORTA METRONIA,BARONIO,35,0#2510-6
35,08:42:16,628,PANNONIA/TRACIA,BARONIO,36,0#2510-6
36,08:42:56,628,DE MATTIAS/PANNONIA,BARONIO,37,0#2510-6
37,08:44:08,628,SATRICO/EPIRO,BARONIO,38,0#2510-6
38,08:45:14,628,SATRICO/ZAMA,BARONIO,39,0#2510-6
39,08:46:56,628,MACEDONIA/LATINA,BARONIO,40,0#2510-6
40,08:47:48,628,GREGOROVIUS,BARONIO,41,0#2510-6
41,08:48:24,628,TOMMASO DA CELANO/GREGOROVIUS,BARONIO,42,0#2510-6
42,08:49:06,628,TOMMASO DA CELANO/DIACONO,BARONIO,43,0#2510-6
43,08:49:48,628,PLATINA,BARONIO,44,0#2510-6
44,08:50:20,628,CAFFARELLETTA,BARONIO,45,0#2510-6
45,08:51:12,628,LATINA,BARONIO,46,0#2510-6
46,08:52:00,628,BARONIO,BARONIO,47,0#2510-6
